user_id,osm_way_id,time_of_day,lighting_rating,safety_rating
U0,136179599,night,4,3
U1,7046107,day,3,4
U2,38358832,night,4,5
U3,773868816,night,3,2
U4,7046459,night,3,3
U5,7046226,night,4,3
U6,43278123,night,3,4
U7,7046193,day,4,4
U8,917156649,day,3,5
U9,7044824,night,4,4
U10,146977378,day,3,4
U11,7045554,night,3,4
U12,770426569,night,3,4
U13,38358828,day,3,5
U14,43278123,day,3,5
U15,755044086,day,3,4
U16,7046369,night,4,4
U17,7045776,night,3,4
U18,582944682,day,4,3
U19,738259341,night,4,2
U20,38349508,night,4,4
U21,7045524,night,4,4
U22,117065434,night,3,5
U23,547502344,night,4,5
U24,146977377,night,3,5
U25,7044836,night,4,3
U26,7045554,night,4,4
U27,1137884621,day,4,4
U28,7044863,day,3,4
U29,7045838,night,3,4
U30,1341304531,day,4,3
U31,7045542,day,3,5
U32,375340265,night,4,3
U33,610252176,night,3,4
U34,136513264,night,4,5
U35,306119743,night,4,5
U36,7046072,night,3,5
U37,558048872,day,3,4
U38,7045481,night,4,3
U39,126221716,day,3,4
U40,7045941,day,4,3
U41,7045760,day,4,4
U42,7045485,night,4,5
U43,7045865,night,4,4
U44,38358821,day,3,4
U45,7045928,day,4,4
U46,117608648,night,4,5
U47,499086653,day,3,4
U48,7046177,day,4,5
U49,115708748,day,4,3
U50,304634473,day,4,4
U51,458362021,day,3,4
U52,137614016,night,3,5
U53,73094302,day,3,4
U54,26144351,night,3,4
U55,4641546,night,3,4
U56,7046151,day,4,4
U57,7044991,night,3,4
U58,136513270,day,3,4
U59,195648502,night,3,3
U60,931233826,day,3,4
U61,7045400,day,4,3
U62,7045404,day,4,5
U63,117608648,day,4,5
U64,547502340,day,3,5
U65,1090838677,night,4,4
U66,7044828,day,4,4
U67,161975541,day,3,5
U68,931232660,night,4,5
U69,559792594,night,4,3
U70,630293396,night,4,4
U71,180117920,day,4,4
U72,1413008723,night,4,5
U73,431477539,night,3,3
U74,614449800,night,3,3
U75,931233828,night,3,4
U76,148311112,day,4,4
U77,7045004,day,4,4
U78,773872197,night,4,3
U79,7045431,night,4,3
U80,7045481,night,3,4
U81,4641546,day,3,5
U82,770468927,day,4,3
U83,610252180,night,4,3
U84,119308627,night,4,5
U85,744277564,night,3,3
U86,124660302,day,3,4
U87,7045528,night,4,4
U88,7045487,day,4,5
U89,148306559,night,3,5
U90,7044866,night,3,5
U91,931233828,day,4,4
U92,770434439,night,3,3
U93,7045905,night,3,4
U94,172386584,night,4,3
U95,1315058575,day,3,4
U96,7046285,night,3,5
U97,431477592,night,4,5
U98,357538029,night,3,3
U99,7046544,day,4,4
U100,7046140,night,3,5
U101,7045206,night,4,3
U102,7044857,night,3,4
U103,7046283,day,4,3
U104,115750358,night,3,5
U105,357538027,night,4,5
U106,7045756,day,3,3
U107,770430121,day,3,2
U108,7045956,day,3,3
U109,7045539,night,3,3
U110,770430119,night,4,4
U111,325246227,day,4,3
U112,34865091,day,4,4
U113,931232657,day,4,5
U114,7046155,night,4,4
U115,115632075,night,4,5
U116,7046151,day,4,3
U117,770444287,night,4,4
U118,33790945,night,3,4
U119,1191563223,day,3,5
U120,59229067,night,4,4
U121,306119745,night,4,5
U122,7045760,night,3,3
U123,375340265,day,4,3
U124,7046561,day,3,4
U125,7045407,day,3,4
U126,7044833,night,4,5
U127,38358829,night,3,5
U128,37417546,night,4,4
U129,7045656,day,4,5
U130,61130897,night,3,4
U131,7045591,night,4,5
U132,7045443,day,4,4
U133,4264947,night,4,5
U134,885271705,day,3,4
U135,7044819,day,3,5
U136,742163309,night,3,4
U137,931233836,day,3,4
U138,1090785130,day,3,4
U139,7045497,night,3,4
U140,325288075,night,4,4
U141,115708738,day,4,5
U142,115632075,night,4,5
U143,4270806,night,3,4
U144,118689925,night,3,4
U145,59229057,day,3,4
U146,7044817,day,4,4
U147,172154460,night,4,4
U148,136513280,day,4,4
U149,1100640603,night,4,2
U150,7046499,day,3,5
U151,37844688,day,4,4
U152,147561235,night,3,4
U153,610252176,day,4,4
U154,7045452,day,4,4
U155,1356511201,night,3,4
U156,770426568,day,3,5
U157,7045573,day,3,4
U158,127224485,day,4,4
U159,37417546,day,4,5
U160,27688255,day,3,4
U161,499086653,day,4,4
U162,375527991,day,3,5
U163,770430121,day,4,4
U164,124660302,night,4,5
U165,1376777054,day,4,3
U166,127224486,day,3,5
U167,148310278,night,4,4
U168,7045641,day,4,3
U169,7046292,night,4,4
U170,458363455,day,4,4
U171,874772120,day,3,5
U172,115708746,day,3,5
U173,38531176,day,3,4
U174,115743517,day,4,4
U175,118691956,day,3,5
U176,118690805,day,3,4
U177,770426566,day,4,4
U178,148306559,night,4,5
U179,118690805,night,4,4
U180,931233827,night,3,3
U181,7045552,day,4,3
U182,43285019,night,4,5
U183,7044804,night,4,4
U184,7046292,day,4,4
U185,7046518,night,3,4
U186,1090785130,day,4,4
U187,115708738,day,4,5
U188,34865089,night,3,4
U189,770430121,day,4,4
U190,7044824,day,4,4
U191,553770155,night,3,5
U192,738258605,night,4,3
U193,7045431,night,4,4
U194,33913035,day,4,2
U195,770426570,night,3,4
U196,931233828,day,4,3
U197,1178529647,night,3,4
U198,118689923,day,4,5
U199,357538026,night,3,4
U200,7046203,day,4,3
U201,770429448,night,3,4
U202,7045786,day,4,4
U203,7044840,night,4,4
U204,145048346,day,4,5
U205,571410214,night,3,5
U206,148311112,night,4,4
U207,307983750,night,3,4
U208,846636109,night,3,4
U209,148199985,night,4,4
U210,7045909,night,4,4
U211,127224485,day,3,5
U212,931233836,night,3,4
U213,7045839,night,3,3
U214,738259342,day,4,2
U215,357001244,day,4,4
U216,37417544,night,3,3
U217,172500941,day,4,5
U218,136179599,night,4,3
U219,7045760,night,4,3
U220,7046057,night,4,4
U221,93465600,night,3,4
U222,324310027,day,4,4
U223,504684737,night,4,4
U224,119308624,night,3,5
U225,770434440,night,4,4
U226,117065434,night,4,5
U227,770436181,night,3,5
U228,931233829,day,4,3
U229,38358833,day,4,5
U230,33514276,day,4,5
U231,738259341,night,4,3
U232,33514318,night,4,4
U233,682307718,night,3,4
U234,122390645,night,4,4
U235,148310278,day,3,5
U236,118689926,night,3,5
U237,931233832,day,4,4
U238,137614015,day,3,4
U239,7046413,day,3,5
U240,7045063,night,4,5
U241,7045539,night,3,3
U242,144451997,night,4,5
U243,144451997,night,3,4
U244,118689925,night,4,4
U245,7045851,day,4,3
U246,7045400,day,3,3
U247,26144486,night,3,3
U248,7045923,night,4,4
U249,7045911,day,3,3
U250,284529445,night,3,4
U251,33471678,night,4,4
U252,112515062,night,4,4
U253,1284388007,day,3,3
U254,770434440,day,4,2
U255,38358832,day,4,5
U256,770429441,day,3,3
U257,126231478,night,3,3
U258,262218775,day,4,4
U259,7046501,night,4,5
U260,137614016,night,4,5
U261,146977379,night,3,4
U262,884334996,day,4,3
U263,136179598,day,4,4
U264,7045311,day,4,4
U265,614449799,day,3,3
U266,1374480059,night,4,5
U267,7046072,day,3,5
U268,7044877,night,4,4
U269,1100640602,night,4,3
U270,7045786,day,4,4
U271,520306171,day,3,4
U272,895347489,day,4,4
U273,148306561,night,3,5
U274,115743518,night,3,5
U275,7045640,day,3,5
U276,737950176,night,4,5
U277,7045961,day,4,2
U278,431477539,night,4,3
U279,118690806,day,4,5
U280,1092105435,night,3,4
U281,180117911,night,4,4
U282,124660301,day,4,5
U283,463647723,day,4,4
U284,773868819,day,3,3
U285,38572017,day,4,3
U286,180117926,night,4,4
U287,7045839,day,4,4
U288,7045944,day,3,3
U289,399512991,day,3,4
U290,7045574,night,4,4
U291,7046447,day,3,5
U292,7046096,day,3,5
U293,1079183574,day,3,4
U294,7045762,night,3,3
U295,357003667,night,4,3
U296,463625747,night,3,3
U297,770429444,day,3,4
U298,7046392,day,3,4
U299,7046116,day,4,5
U300,7045577,day,3,4
U301,7044857,night,4,4
U302,744277560,night,4,5
U303,4984557,day,3,5
U304,38358819,night,4,5
U305,126221713,day,3,3
U306,7044883,night,3,4
U307,1229996044,day,3,4
U308,115743506,night,3,4
U309,1137884621,night,3,4
U310,632657494,day,4,4
U311,770430122,night,3,3
U312,59229064,day,4,5
U313,7046135,night,3,4
U314,7046499,night,3,5
U315,7046541,day,3,5
U316,357538026,day,4,4
U317,38358826,night,3,5
U318,35919081,day,3,5
U319,1423636837,night,4,4
U320,136179602,day,3,5
U321,7045812,day,4,4
U322,7046151,night,4,3
U323,7044998,night,3,4
U324,7046107,night,4,5
U325,1161682104,night,4,3
U326,7045925,night,4,3
U327,770429447,day,4,4
U328,737950176,day,4,4
U329,115743508,night,4,4
U330,7046465,night,4,4
U331,931233833,night,4,3
U332,121289340,night,4,5
U333,553770177,day,4,4
U334,7046096,night,4,4
U335,7045604,night,4,4
U336,119311654,day,4,4
U337,7045941,day,3,3
U338,490783303,night,4,3
U339,399512991,night,4,5
U340,375340269,day,3,2
U341,770436181,day,4,4
U342,931232660,night,3,5
U343,7046369,night,3,4
U344,504863130,night,4,5
U345,7046457,night,4,4
U346,7046366,day,3,3
U347,7044822,day,4,4
U348,770429448,day,3,4
U349,431477592,night,3,5
U350,115743507,night,4,4
U351,126221713,night,3,4
U352,489340984,day,3,4
U353,1305987254,night,4,4
U354,770426568,day,3,5
U355,7046501,night,3,3
U356,1374480059,day,4,5
U357,1137884622,night,4,3
U358,554108531,day,4,4
U359,1284388007,night,4,3
U360,7045898,night,3,4
U361,770429435,night,3,2
U362,119308633,night,3,4
U363,38358821,day,4,5
U364,737950176,day,4,5
U365,7045855,day,4,5
U366,29979423,day,3,3
U367,7045400,night,3,3
U368,7044824,night,4,5
U369,7045516,night,3,4
U370,7045074,day,4,3
U371,375340269,night,3,2
U372,7046044,night,3,4
U373,136179602,day,4,4
U374,547502344,day,4,4
U375,146254402,night,3,4
U376,7045065,day,3,4
U377,115743505,night,3,4
U378,38358832,night,3,5
U379,504684737,day,4,4
U380,463625745,night,4,3
U381,757702878,night,4,3
U382,7044996,day,4,4
U383,7045838,day,4,4
U384,22118549,night,4,5
U385,571409078,night,4,4
U386,7046024,day,4,3
U387,49229549,day,3,4
U388,7045185,day,3,5
U389,375340265,night,4,3
U390,340004726,day,4,5
U391,770429444,night,4,4
U392,7045620,day,4,4
U393,1079425313,day,3,3
U394,7045510,day,3,5
U395,463625745,day,4,3
U396,610252191,day,4,5
U397,7045074,day,3,5
U398,49042720,day,4,5
U399,43281350,night,3,5
U400,1090846594,day,4,5
U401,7045809,night,4,3
U402,7045311,day,4,3
U403,7044836,night,3,4
U404,770493666,night,3,4
U405,770433017,night,4,5
U406,7045909,day,4,3
U407,7046518,night,4,4
U408,7046402,night,4,5
U409,115750356,night,4,5
U410,115708747,night,4,4
U411,65276162,night,4,4
U412,148306558,day,3,5
U413,7046226,day,4,4
U414,117043866,day,4,5
U415,7046570,day,4,4
U416,7046142,night,4,5
U417,38358822,day,4,5
U418,43278123,day,3,5
U419,1044086670,night,4,4
U420,1413008718,night,4,4
U421,27006392,night,3,5
U422,770426568,day,3,4
U423,7045727,day,4,4
U424,773868808,day,4,3
U425,7045510,night,4,3
U426,38358828,day,4,4
U427,65276162,night,4,5
U428,770429448,day,3,5
U429,124660301,day,4,4
U430,7044822,day,4,5
U431,427612449,night,3,5
U432,124660302,night,4,5
U433,610252191,night,3,5
U434,1090785123,day,4,4
U435,743266445,day,4,3
U436,7046073,night,4,4
U437,38349510,day,4,4
U438,146977379,day,4,5
U439,22987501,night,3,4
U440,1423636836,day,3,5
U441,137614016,night,4,4
U442,115711053,day,4,5
U443,59229066,day,4,5
U444,148311111,day,4,5
U445,7045760,day,3,4
U446,7045269,day,3,2
U447,7045356,day,4,4
U448,190774233,night,4,3
U449,539112355,day,4,5
U450,463647723,day,3,4
U451,115743514,day,4,4
U452,7044842,night,4,4
U453,773868816,day,3,2
U454,161975541,night,4,5
U455,917156652,day,3,5
U456,118446663,day,4,5
U457,7045879,day,3,4
U458,744277562,night,4,4
U459,146254176,night,4,4
U460,7045566,night,4,4
U461,7045400,night,3,4
U462,375340269,night,3,3
U463,357538027,day,3,5
U464,7046413,night,4,4
U465,146977378,night,4,4
U466,1137884621,night,3,4
U467,38349510,day,3,4
U468,357005683,day,3,5
U469,7045074,night,4,4
U470,7045591,day,3,5
U471,183342931,day,4,5
U472,38572018,night,3,4
U473,7045402,day,4,4
U474,7045855,night,4,5
U475,146977378,night,3,4
U476,7045247,day,4,3
U477,885271705,day,4,4
U478,7046461,day,3,4
U479,7045149,day,3,4
U480,7045407,night,4,5
U481,1191563225,night,4,4
U482,7045523,night,4,5
U483,172492937,night,3,4
U484,7046039,night,4,5
U485,148306560,day,4,4
U486,7045247,night,4,2
U487,571410215,night,3,4
U488,7046168,day,3,5
U489,7046044,night,4,3
U490,7044852,day,4,4
U491,307982479,day,3,5
U492,559792594,night,3,4
U493,7045117,night,4,5
U494,487222826,day,3,3
U495,874772123,day,4,3
U496,773872198,day,4,3
U497,7045523,day,4,5
U498,770430122,day,3,3
U499,115743696,night,4,2
U500,439886961,day,4,5
U501,564797103,night,3,4
U502,59229065,day,4,4
U503,547502344,night,3,5
U504,306119743,night,3,5
U505,7046541,day,3,4
U506,136179602,night,3,4
U507,124660301,night,3,5
U508,7045786,day,3,4
U509,7046461,night,4,4
U510,357003667,day,3,4
U511,7045952,night,4,2
U512,490783303,day,3,4
U513,136179602,night,3,4
U514,23247567,night,4,4
U515,7046411,day,3,4
U516,559792594,night,3,5
U517,7045885,night,4,4
U518,773868817,day,4,3
U519,7044860,night,3,5
U520,115632075,day,3,5
U521,917156651,night,3,5
U522,38349510,day,3,4
U523,7046459,night,3,4
U524,115632078,day,4,5
U525,7046392,day,3,3
U526,1284388006,day,3,3
U527,59229063,night,4,4
U528,147561237,night,4,4
U529,1413008719,day,3,4
U530,770430122,night,3,3
U531,180117947,day,3,5
U532,773868809,night,3,2
U533,174500364,night,4,4
U534,504863124,day,3,4
U535,789208347,night,3,4
U536,7045691,day,3,3
U537,7044871,day,3,4
U538,43285019,night,3,5
U539,571410214,night,4,5
U540,59229067,day,3,4
U541,7046544,night,3,3
U542,38358820,night,4,5
U543,7045961,day,3,2
U544,148311109,day,4,5
U545,306119744,day,3,5
U546,7046185,day,3,4
U547,115750357,night,3,5
U548,23292514,night,3,5
U549,325812120,day,4,4
U550,118603691,day,4,4
U551,38358819,day,4,5
U552,112515065,day,4,5
U553,895347489,day,3,5
U554,83187128,night,3,5
U555,1100787463,day,4,4
U556,7044969,night,3,4
U557,136174501,day,3,5
U558,1090785130,day,3,4
U559,7045705,night,3,2
U560,394378534,night,4,5
U561,7045000,night,4,3
U562,1082310746,night,4,4
U563,7046052,day,3,4
U564,770430121,night,4,4
U565,7045780,day,3,3
U566,7046292,night,3,3
U567,224459319,night,4,4
U568,1341304531,night,4,3
U569,35919081,day,3,4
U570,7045404,day,3,3
U571,119308615,day,3,4
U572,463647723,day,4,5
U573,1191563223,day,3,5
U574,115743514,night,4,4
U575,632657494,day,3,3
U576,357003665,day,4,4
U577,7045851,night,4,4
U578,931233835,day,4,3
U579,7046361,night,4,5
U580,224459319,day,3,5
U581,7044806,night,3,4
U582,7045760,night,4,4
U583,7045066,night,4,4
U584,931232657,night,4,4
U585,121283029,night,3,4
U586,7045117,day,3,4
U587,1079425313,day,3,3
U588,1079429590,day,4,5
U589,571409078,night,3,4
U590,43278110,day,3,4
U591,773868808,night,3,3
U592,7045760,day,3,4
U593,224459319,night,4,5
U594,1178529647,day,3,4
U595,33913035,day,3,4
U596,931233835,night,3,3
U597,399512991,day,3,4
U598,22987501,night,4,4
U599,487222826,day,4,3
U600,1388488946,night,4,5
U601,7046142,day,3,4
U602,1041277078,day,3,4
U603,7045311,night,3,3
U604,7044826,night,3,3
U605,124840797,night,3,5
U606,738259341,day,4,2
U607,7045739,night,4,4
U608,931232660,night,3,4
U609,137614014,day,3,4
U610,586407890,day,4,4
U611,118689926,night,3,4
U612,865965003,night,3,5
U613,7045381,night,3,4
U614,7045132,night,4,4
U615,931233835,day,4,4
U616,874772123,night,3,4
U617,1100640601,night,4,4
U618,1100640606,day,3,3
U619,7044940,day,3,3
U620,148306558,night,3,5
U621,118689926,night,3,4
U622,375099850,night,3,5
U623,789208345,day,4,4
U624,7045735,day,3,5
U625,222388934,day,4,4
U626,865965004,day,4,5
U627,7045885,day,4,5
U628,357003665,day,3,4
U629,7045523,night,4,4
U630,148311109,night,4,5
U631,7044846,night,4,4
U632,1445392732,night,3,2
U633,112515065,day,4,4
U634,7045702,day,3,5
U635,7045000,day,3,3
U636,7046218,night,4,3
U637,4984557,day,4,5
U638,7045869,night,3,5
U639,43278131,day,4,4
U640,126230983,day,4,4
U641,773868816,night,4,3
U642,7046291,day,4,5
U643,7046557,night,4,4
U644,268615879,night,3,3
U645,325812120,night,4,5
U646,7045839,day,4,3
U647,136124605,night,4,4
U648,1138382963,night,4,2
U649,559792593,night,4,5
U650,33199224,day,4,4
U651,1057857343,night,4,3
U652,553770155,day,3,4
U653,755044087,night,3,4
U654,22987501,night,3,4
U655,46928171,night,4,3
U656,7044883,night,3,3
U657,7046135,night,4,4
U658,112515062,night,4,5
U659,7045990,night,3,3
U660,7045185,day,3,4
U661,7046541,night,3,4
U662,49229549,day,4,4
U663,117608648,day,3,4
U664,770493665,night,4,3
U665,1079429590,night,3,4
U666,37844688,night,3,5
U667,7044866,day,3,3
U668,115750361,night,4,5
U669,7045915,night,4,4
U670,7045574,night,4,4
U671,654075602,night,3,3
U672,1079183575,night,3,5
U673,38358829,day,4,4
U674,126230983,day,4,4
U675,1092105435,day,4,3
U676,147561239,night,3,4
U677,630293396,day,4,3
U678,7046126,night,4,5
U679,463647723,night,3,5
U680,7046457,night,4,4
U681,125511756,night,4,5
U682,7045996,day,4,2
U683,7045571,day,3,3
U684,7045269,night,4,3
U685,7045908,day,4,4
U686,38358824,day,3,4
U687,553770182,night,3,4
U688,145514248,night,3,4
U689,836187023,night,4,3
U690,7045885,night,4,3
U691,7045732,night,4,4
U692,7045941,day,4,3
U693,770493665,day,3,5
U694,770429447,day,3,5
U695,115743506,night,3,5
U696,7045885,night,4,3
U697,7045571,night,3,4
U698,38358825,night,4,4
U699,115750356,night,4,4
U700,7046147,night,3,5
U701,1100787463,night,4,5
U702,7045496,day,3,5
U703,356998399,day,4,3
U704,7045401,day,3,5
U705,7045869,night,4,3
U706,7046444,day,3,4
U707,119308627,day,4,4
U708,7044822,day,3,4
U709,7045404,night,3,5
U710,499086657,day,3,5
U711,7045780,day,4,3
U712,1044086670,night,3,3
U713,1090547014,day,4,4
U714,7045851,night,3,3
U715,7046476,night,4,4
U716,770426570,night,3,5
U717,885271705,night,3,4
U718,7046518,day,3,4
U719,7045587,night,4,3
U720,770444287,day,4,4
U721,1090785123,night,4,4
U722,7045381,day,4,3
U723,65276162,night,4,5
U724,1191563225,night,3,3
U725,427612449,night,4,5
U726,949771545,night,4,2
U727,7046126,night,3,4
U728,487222826,night,3,4
U729,1090785123,day,3,4
U730,7045952,day,3,3
U731,137614016,day,4,5
U732,117043866,night,3,5
U733,221491317,night,4,5
U734,117608648,day,4,5
U735,7044835,night,3,4
U736,7045908,night,4,3
U737,115632075,night,4,5
U738,115632075,night,4,4
U739,1315058575,night,4,5
U740,158071068,day,3,5
U741,399512992,night,4,3
U742,146244555,day,3,5
U743,38358833,night,3,4
U744,115743507,night,3,4
U745,7046291,night,4,4
U746,7046078,day,4,3
U747,836187023,night,3,4
U748,770429435,night,4,4
U749,7045620,day,3,4
U750,164971339,night,4,4
U751,7045065,night,3,4
U752,307982478,night,4,4
U753,119308633,day,4,5
U754,7045961,day,3,2
U755,917156652,day,3,5
U756,1376777054,day,3,4
U757,59229062,night,4,4
U758,221491318,night,4,5
U759,33514339,night,3,5
U760,7045583,day,3,4
U761,7045066,day,3,3
U762,148306561,night,4,3
U763,145048348,day,3,5
U764,1082310746,night,4,4
U765,7046155,day,3,4
U766,7046444,night,4,4
U767,7045940,night,4,4
U768,7045995,night,3,3
U769,262218775,night,4,4
U770,7045132,day,4,3
U771,7046573,day,4,3
U772,7046444,night,4,3
U773,1413008722,day,4,5
U774,172154460,day,3,5
U775,38349509,night,4,4
U776,1079429590,night,4,5
U777,7044833,night,3,4
U778,770426567,night,3,4
U779,1100640603,night,3,3
U780,118689923,night,3,4
U781,819816301,night,3,4
U782,1091856156,night,4,4
U783,125511756,night,4,4
U784,7046520,day,3,4
U785,399512991,night,4,5
U786,1445392732,day,3,3
U787,183342931,day,3,5
U788,7044840,night,4,4
U789,7045574,day,4,5
U790,7045762,day,4,3
U791,136179603,night,3,5
U792,217443548,night,3,3
U793,7046292,night,4,4
U794,118689925,night,3,5
U795,1100787462,day,3,4
U796,7045963,day,4,3
U797,757702878,night,3,4
U798,1376777054,night,3,4
U799,1090729712,night,4,4
U800,122114280,day,4,4
U801,1413008722,night,4,4
U802,7044852,night,4,5
U803,7045606,night,3,4
U804,284529447,day,4,4
U805,586407890,night,4,4
U806,33913035,night,3,3
U807,1413008718,day,3,4
U808,7046473,day,4,4
U809,931233828,day,3,3
U810,7045963,night,4,2
U811,115743507,night,3,5
U812,195648502,night,4,4
U813,144451998,night,3,4
U814,195648502,night,3,3
U815,115743518,day,4,4
U816,146977379,day,3,5
U817,115743696,day,4,2
U818,7045620,day,4,5
U819,7046145,day,3,3
U820,7046389,day,3,3
U821,33913035,day,3,2
U822,118689927,day,4,3
U823,743266445,day,3,3
U824,7045604,day,4,5
U825,174500368,day,4,5
U826,770426568,night,4,5
U827,854913629,night,4,3
U828,357003667,night,3,3
U829,7044828,night,3,4
U830,356998399,day,4,4
U831,931233830,day,4,4
U832,324310027,day,4,5
U833,1350707067,day,3,3
U834,125511759,night,4,4
U835,931233823,day,4,4
U836,375340265,day,4,2
U837,1091856156,night,4,4
U838,770436181,night,4,4
U839,180117949,day,4,5
U840,59229057,day,3,5
U841,146254176,night,3,3
U842,7045963,day,3,2
U843,1081996732,night,3,4
U844,136179598,day,4,4
U845,136513270,night,3,4
U846,122394095,night,3,5
U847,501057682,day,3,5
U848,38358829,day,4,4
U849,7045732,day,3,5
U850,489340984,night,3,4
U851,770429447,day,4,4
U852,284529447,day,4,5
U853,1041277078,day,3,3
U854,304634473,day,4,3
U855,325288075,night,4,4
U856,115708749,day,4,5
U857,770429440,day,4,2
U858,931232660,night,3,5
U859,770426567,day,4,3
U860,59229065,night,3,4
U861,258138666,day,4,2
U862,38531176,night,4,3
U863,7045838,night,4,3
U864,682307717,day,4,4
U865,7045996,day,4,3
U866,43278131,day,4,4
U867,144451997,day,4,5
U868,1091191356,night,3,3
U869,770426567,day,4,4
U870,508480420,day,3,5
U871,773868808,day,3,3
U872,49229549,night,4,3
U873,73094302,day,3,5
U874,770430120,day,3,4
U875,126230983,day,3,4
U876,34181694,night,4,4
U877,38572017,day,4,4
U878,931232659,night,3,4
U879,7045573,day,3,4
U880,38358825,night,4,4
U881,773869643,night,4,3
U882,33514318,day,4,5
U883,92405265,day,4,3
U884,7045573,night,3,4
U885,1091191355,day,4,3
U886,115711600,day,4,5
U887,744277561,day,4,4
U888,7046142,night,3,4
U889,439886617,day,4,5
U890,51571174,day,3,5
U891,1229996044,night,4,3
U892,59229066,day,4,5
U893,885021977,night,3,4
U894,321177435,night,4,4
U895,7045510,day,3,4
U896,33514276,day,3,5
U897,931233834,night,3,3
U898,553776524,day,4,4
U899,1138382965,night,4,4
U900,7044911,night,3,3
U901,38358833,day,3,4
U902,37844688,night,3,4
U903,59229066,day,3,5
U904,115743506,day,4,5
U905,738258605,day,4,2
U906,7045693,day,3,3
U907,7045908,day,4,3
U908,770430121,day,4,4
U909,122390645,night,3,4
U910,7045668,night,4,4
U911,7045491,night,3,5
U912,7045532,day,3,4
U913,773869643,night,3,3
U914,119308627,night,4,4
U915,7044871,day,4,5
U916,7045541,night,3,4
U917,7045662,night,4,4
U918,7045851,day,3,3
U919,7046301,night,3,4
U920,33514339,night,4,5
U921,1191563230,day,4,5
U922,158071068,day,4,3
U923,158070750,night,3,4
U924,1080911084,night,3,4
U925,490783303,day,3,5
U926,770430120,day,4,3
U927,7045573,day,3,5
U928,284529447,day,4,4
U929,136178518,night,4,5
U930,375099849,day,4,4
U931,269774712,night,3,3
U932,7045576,night,4,3
U933,325288075,night,4,4
U934,38358829,night,3,5
U935,553770182,day,3,3
U936,37844689,night,4,5
U937,147561239,day,4,4
U938,174500368,day,3,4
U939,427612437,day,4,4
U940,1100640595,day,3,4
U941,7045404,night,4,4
U942,7046497,night,3,4
U943,59229064,day,4,5
U944,7045839,day,4,4
U945,125511759,night,3,4
U946,284529439,night,3,4
U947,7046175,day,4,4
U948,144451998,day,3,4
U949,7044969,night,3,3
U950,46928171,day,3,4
U951,321177435,day,4,5
U952,610252184,day,4,5
U953,670978249,night,4,4
U954,1376777054,day,4,5
U955,931233826,day,4,4
U956,1091191356,day,4,4
U957,770426568,night,3,4
U958,172492937,day,4,5
U959,375340265,night,4,3
U960,7045311,night,4,4
U961,207184822,night,4,4
U962,172154460,day,4,4
U963,7044961,night,3,5
U964,7045703,day,3,3
U965,7045631,night,3,4
U966,43278111,day,4,4
U967,7045371,night,3,4
U968,773868817,night,4,3
U969,7046346,night,3,3
U970,27688255,day,3,5
U971,439886617,day,3,3
U972,118689927,day,3,3
U973,614449801,night,3,4
U974,770473083,night,3,4
U975,118605670,night,3,5
U976,7046413,day,3,4
U977,7045541,day,4,3
U978,770493666,day,4,4
U979,7046203,night,3,5
U980,7045418,day,3,4
U981,7044806,day,4,4
U982,146977377,night,3,4
U983,7045532,night,3,4
U984,118606125,day,3,5
U985,148199985,day,4,4
U986,35919081,night,3,4
U987,931233833,night,4,4
U988,172500941,day,4,4
U989,7044886,night,3,4
U990,891087599,day,4,5
U991,34145986,day,3,4
U992,38358828,day,4,5
U993,119311654,day,3,5
U994,92405265,day,3,4
U995,375340265,day,4,3
U996,258138666,day,3,3
U997,7045354,day,3,3
U998,7045132,day,4,3
U999,7046544,day,4,4
U1000,1315058575,day,4,5
U1001,4641546,night,4,5
U1002,7046024,night,3,5
U1003,180117932,day,4,4
U1004,122385716,day,4,4
U1005,37844689,night,3,5
U1006,7045856,day,3,5
U1007,148310278,day,3,4
U1008,357538027,day,4,5
U1009,136513282,day,4,5
U1010,559026717,day,4,5
U1011,7046119,day,4,3
U1012,571409076,day,3,4
U1013,7046039,night,4,4
U1014,931233825,day,4,3
U1015,61130897,day,4,4
U1016,7044991,day,4,4
U1017,489340984,day,4,4
U1018,125511759,day,4,4
U1019,7045856,night,4,4
U1020,148306558,day,3,5
U1021,7046064,day,4,3
U1022,148311111,day,4,4
U1023,7045741,night,4,4
U1024,917156652,night,3,5
U1025,118689922,day,3,5
U1026,7046478,day,4,5
U1027,7045060,day,3,5
U1028,146254176,night,3,3
U1029,773868814,night,3,2
U1030,504863126,night,4,2
U1031,737950162,night,3,4
U1032,505939427,night,3,4
U1033,432380498,day,3,5
U1034,670978249,night,3,5
U1035,754704162,day,3,3
U1036,119308614,night,4,4
U1037,884334996,day,3,4
U1038,7046499,day,3,5
U1039,146977378,day,4,4
U1040,7046389,night,4,5
U1041,190774233,day,3,3
U1042,770426568,day,3,4
U1043,7045066,day,4,3
U1044,124657880,day,4,4
U1045,357003664,night,4,4
U1046,559026717,night,3,4
U1047,23292514,night,4,5
U1048,7046436,night,3,5
U1049,1100640594,night,3,3
U1050,38349507,night,3,5
U1051,7046387,night,4,3
U1052,146977378,night,4,4
U1053,38531167,night,4,5
U1054,399512991,night,3,5
U1055,7046140,night,3,4
U1056,7045485,night,4,3
U1057,321177435,day,4,5
U1058,221491316,night,3,5
U1059,37283411,night,4,4
U1060,121282988,day,4,4
U1061,119308633,day,3,4
U1062,7045911,night,3,4
U1063,38531181,night,4,3
U1064,146977378,day,4,5
U1065,115708741,day,3,5
U1066,770429440,day,4,4
U1067,874772120,day,3,4
U1068,403541605,day,3,5
U1069,325246227,day,4,3
U1070,1315080912,day,4,5
U1071,43278109,day,3,4
U1072,891087601,night,4,4
U1073,7045404,night,3,5
U1074,38358829,night,3,4
U1075,172392372,night,4,4
U1076,118603693,night,4,5
U1077,1305987254,day,4,4
U1078,118691954,night,4,4
U1079,323847237,day,3,4
U1080,307982477,day,4,5
U1081,846636109,night,4,3
U1082,33514270,day,3,5
U1083,770460798,day,3,4
U1084,917156647,day,4,3
U1085,1090785130,day,3,4
U1086,7045792,day,4,5
U1087,7045963,day,3,3
U1088,7046501,night,4,3
U1089,7045615,night,4,5
U1090,65276162,day,4,5
U1091,1079429590,day,4,4
U1092,755044087,day,3,4
U1093,770493665,day,3,5
U1094,4264947,night,4,4
U1095,7045923,day,3,4
U1096,33199224,day,4,4
U1097,854913629,night,3,5
U1098,931233830,day,4,3
U1099,632657494,day,3,4
U1100,582944680,day,4,4
U1101,571410215,night,4,5
U1102,43281281,night,3,4
U1103,7044806,day,3,4
U1104,190774233,day,3,5
U1105,1071314298,day,4,4
U1106,190774233,day,3,3
U1107,1079425313,night,4,3
U1108,34865089,day,4,3
U1109,148306559,day,3,4
U1110,38349508,night,4,3
U1111,7045539,day,3,5
U1112,115708749,night,3,4
U1113,7046369,night,4,3
U1114,268766164,night,3,5
U1115,7045408,day,3,5
U1116,553770173,day,4,5
U1117,172386584,night,4,4
U1118,1138382959,day,3,5
U1119,118689925,day,3,5
U1120,854913629,day,4,4
U1121,1100640604,night,3,2
U1122,38358833,night,4,4
U1123,33514276,day,3,5
U1124,33790946,day,4,4
U1125,7045856,day,3,3
U1126,547502344,night,3,5
U1127,144451997,day,3,4
U1128,118690807,day,4,4
U1129,7044996,day,3,5
U1130,439886961,night,3,4
U1131,118605050,day,4,3
U1132,7044824,night,3,4
U1133,7045625,day,4,5
U1134,356993844,night,4,3
U1135,119308627,night,4,5
U1136,161975536,night,4,3
U1137,770460798,night,4,3
U1138,180117949,night,4,4
U1139,1091191355,night,3,3
U1140,7045615,night,4,5
U1141,754704156,day,4,3
U1142,7045524,day,3,3
U1143,7045063,day,4,4
U1144,7045356,day,4,5
U1145,738259342,day,3,2
U1146,186891797,night,3,5
U1147,112515068,night,4,5
U1148,7046303,night,4,4
U1149,124660301,day,4,5
U1150,161975541,day,4,5
U1151,35919081,night,3,5
U1152,1090785124,night,3,3
U1153,7046028,night,4,4
U1154,7046457,day,3,4
U1155,7045497,day,3,4
U1156,571409078,day,4,5
U1157,7044940,night,4,4
U1158,356998399,day,3,3
U1159,755044086,night,4,5
U1160,164971339,night,4,5
U1161,7046465,night,3,3
U1162,375340269,night,4,2
U1163,499086656,day,3,4
U1164,357003665,night,3,3
U1165,46928171,night,3,4
U1166,137614014,night,3,4
U1167,931232660,night,3,5
U1168,630293396,night,4,4
U1169,38531167,day,3,4
U1170,172500941,day,3,4
U1171,738258604,day,4,2
U1172,92405265,night,4,3
U1173,1041277078,day,3,5
U1174,7046473,day,4,5
U1175,571410214,day,4,5
U1176,737950168,night,4,4
U1177,136124605,day,4,5
U1178,7046434,night,4,5
U1179,7045839,night,4,3
U1180,7045776,day,4,3
U1181,7046142,day,3,5
U1182,471829718,day,4,3
U1183,115708747,day,3,5
U1184,917156652,day,4,4
U1185,7045898,day,3,4
U1186,744277560,night,4,5
U1187,357003665,night,3,3
U1188,1080911084,day,3,4
U1189,789208347,night,3,5
U1190,7044819,day,4,4
U1191,33514381,day,3,4
U1192,7045898,day,4,3
U1193,73094302,day,3,5
U1194,7045445,day,4,4
U1195,7046465,night,4,4
U1196,7045839,day,3,4
U1197,7046155,day,4,3
U1198,439886617,day,4,4
U1199,306119743,night,4,5
U1200,59229066,night,3,5
U1201,7045641,day,4,3
U1202,117065433,day,4,5
U1203,931233834,day,4,3
U1204,7045905,night,4,4
U1205,33514270,day,3,4
U1206,7046145,day,4,3
U1207,37417544,night,4,4
U1208,7044886,day,4,3
U1209,931233829,day,4,3
U1210,7046142,day,3,5
U1211,27006392,day,4,5
U1212,770493665,night,3,4
U1213,172500944,day,3,4
U1214,284529439,day,3,3
U1215,846636109,night,4,4
U1216,7045615,day,3,4
U1217,7045574,day,4,4
U1218,122390857,day,4,5
U1219,949771545,night,4,2
U1220,27688254,day,4,4
U1221,7044806,day,4,4
U1222,43281350,day,3,4
U1223,7045928,day,4,3
U1224,73094305,night,3,4
U1225,118689923,day,4,5
U1226,7046518,day,3,5
U1227,38531175,day,3,3
U1228,115743515,day,4,4
U1229,1100640602,night,3,4
U1230,38531176,day,3,4
U1231,33471678,day,3,4
U1232,744277566,day,3,4
U1233,7045566,day,4,4
U1234,749251053,day,4,4
U1235,7046366,day,4,4
U1236,22987501,night,4,5
U1237,1315080912,day,3,4
U1238,7044879,day,4,4
U1239,1146079856,day,3,5
U1240,7045941,night,4,2
U1241,7046057,night,3,3
U1242,1080911084,day,3,5
U1243,885271705,night,3,4
U1244,7046058,night,4,4
U1245,458362021,day,3,4
U1246,1079787968,night,3,4
U1247,744277565,night,3,5
U1248,323847238,day,3,4
U1249,115743516,day,4,4
U1250,124840798,night,4,4
U1251,7045539,day,4,4
U1252,754704156,night,3,2
U1253,7045990,day,4,2
U1254,122394095,night,4,4
U1255,7046055,day,4,4
U1256,1090785123,day,4,3
U1257,487222827,night,4,5
U1258,357538027,night,3,5
U1259,38358820,night,4,4
U1260,118605672,day,4,5
U1261,770426570,night,3,5
U1262,7045818,night,4,4
U1263,7046067,night,3,4
U1264,174500367,night,3,5
U1265,115708746,night,3,4
U1266,117065434,night,4,5
U1267,38358834,night,4,4
U1268,121289339,night,4,5
U1269,38572017,night,3,3
U1270,399512992,day,4,4
U1271,37417544,night,4,3
U1272,59229063,day,3,4
U1273,33514276,day,3,4
U1274,23292514,night,4,5
U1275,7045065,day,4,4
U1276,43278110,day,4,5
U1277,323937630,day,3,4
U1278,7045741,day,4,4
U1279,7045884,day,4,4
U1280,7045946,day,3,3
U1281,7046353,night,3,3
U1282,38358826,night,4,5
U1283,7046126,night,4,4
U1284,137614015,day,3,4
U1285,307982476,day,3,4
U1286,7045915,night,4,4
U1287,7046285,night,4,4
U1288,115708746,night,3,4
U1289,7045879,night,3,3
U1290,7046499,day,4,3
U1291,403541657,day,3,5
U1292,431477592,night,4,4
U1293,115711052,night,4,3
U1294,36592981,day,4,4
U1295,7045532,night,4,4
U1296,7046442,night,3,5
U1297,508480420,day,4,3
U1298,43281350,day,3,4
U1299,770426569,day,4,4
U1300,73094311,night,4,5
U1301,118603693,night,3,4
U1302,146977379,night,4,5
U1303,148311112,night,4,4
U1304,593435323,night,3,5
U1305,487222827,night,3,3
U1306,118605050,day,3,4
U1307,773868818,night,3,2
U1308,325812120,day,4,4
U1309,146977377,day,3,5
U1310,7046044,night,3,4
U1311,487222827,night,3,4
U1312,547502344,day,4,5
U1313,1091856156,day,4,4
U1314,7046544,night,3,4
U1315,65276162,night,4,4
U1316,1079183574,day,3,5
U1317,7046168,night,4,5
U1318,770493665,night,3,4
U1319,493461893,day,4,4
U1320,7045719,day,4,3
U1321,7045957,night,4,3
U1322,34181694,night,4,4
U1323,439886615,day,4,5
U1324,931233825,day,3,4
U1325,146244555,day,3,4
U1326,7045404,day,3,3
U1327,1090846594,day,3,4
U1328,1100787465,night,3,5
U1329,7044852,night,3,5
U1330,118106438,night,3,4
U1331,885271706,day,4,5
U1332,7044819,day,3,3
U1333,7045574,night,3,4
U1334,125511756,night,4,5
U1335,7046064,day,3,4
U1336,174500366,day,4,3
U1337,427612437,day,4,5
U1338,1071314298,day,3,3
U1339,7045412,night,4,4
U1340,742259505,night,3,4
U1341,115743507,night,4,5
U1342,7046389,night,4,5
U1343,324310027,day,3,4
U1344,59229059,night,4,5
U1345,610252194,night,4,5
U1346,770426570,day,3,5
U1347,33790946,night,4,4
U1348,931232660,night,3,5
U1349,1100640603,night,4,4
U1350,547502340,day,3,5
U1351,7045606,night,4,3
U1352,7045524,night,4,4
U1353,891087601,day,3,5
U1354,773869641,day,3,4
U1355,1191563230,day,3,4
U1356,571409077,day,4,5
U1357,118690805,day,4,5
U1358,118689922,day,3,5
U1359,7044857,night,3,5
U1360,7046285,day,3,5
U1361,7045531,day,3,5
U1362,7045114,night,4,5
U1363,1146079856,day,3,5
U1364,258138666,night,3,3
U1365,124660301,day,4,5
U1366,115743506,night,4,5
U1367,7045952,night,3,3
U1368,38358829,night,3,4
U1369,490783303,night,4,4
U1370,136513282,night,3,5
U1371,119308615,night,4,5
U1372,7045574,night,3,4
U1373,122394095,day,3,4
U1374,439886961,day,4,4
U1375,7045604,day,3,4
U1376,582944682,night,3,4
U1377,136513270,night,3,4
U1378,7045618,day,3,4
U1379,7045483,day,3,5
U1380,38358826,day,3,4
U1381,127224485,day,3,5
U1382,7045356,night,3,5
U1383,773869641,night,3,3
U1384,7045576,day,4,4
U1385,1161682104,night,4,4
U1386,172492937,day,4,5
U1387,571410214,night,4,5
U1388,7046520,night,3,5
U1389,770444287,day,3,4
U1390,1191563230,night,4,5
U1391,148306560,night,3,4
U1392,7045485,night,3,5
U1393,124696546,night,3,4
U1394,73094312,day,4,4
U1395,7045573,day,4,4
U1396,931233828,day,4,4
U1397,304634473,night,4,4
U1398,7045946,day,3,2
U1399,38358829,night,4,4
U1400,38349508,day,4,3
U1401,7045776,day,4,4
U1402,755044087,day,4,4
U1403,7045410,night,3,5
U1404,7045132,night,3,4
U1405,7044828,day,4,4
U1406,7045825,night,4,5
U1407,7046177,night,4,4
U1408,1350707067,day,3,2
U1409,7045566,night,3,3
U1410,357005682,day,3,5
U1411,36592981,night,3,5
U1412,743266445,day,4,4
U1413,7046392,night,4,4
U1414,7045483,day,3,4
U1415,258138666,day,4,3
U1416,931233830,night,3,4
U1417,307982476,day,3,4
U1418,7045576,day,3,5
U1419,268615881,day,3,4
U1420,7046447,night,4,4
U1421,7046418,day,4,4
U1422,7046442,night,3,5
U1423,136124605,day,4,4
U1424,7045626,day,3,4
U1425,119308615,night,3,5
U1426,931233824,day,3,4
U1427,7045407,day,4,4
U1428,49229549,night,4,4
U1429,394378534,night,3,5
U1430,571409076,night,3,5
U1431,7045839,day,3,4
U1432,112515065,day,3,5
U1433,7044846,day,3,4
U1434,33471678,day,3,4
U1435,115708746,day,3,4
U1436,7045576,day,4,4
U1437,7046215,night,4,3
U1438,136179598,night,3,5
U1439,7045615,night,3,4
U1440,7046369,night,4,3
U1441,7046058,night,3,4
U1442,1445392732,night,3,3
U1443,121283029,night,4,5
U1444,115750356,night,4,4
U1445,122390857,night,3,5
U1446,59229059,day,4,4
U1447,115708748,day,4,3
U1448,431477592,night,3,5
U1449,7046570,day,3,4
U1450,7046135,day,3,4
U1451,7045656,day,4,5
U1452,136513282,day,3,4
U1453,754704157,night,4,4
U1454,118689923,day,3,4
U1455,7045473,night,3,4
U1456,7045445,night,4,5
U1457,325023862,day,4,4
U1458,7045895,night,3,3
U1459,770433017,day,3,5
U1460,7045004,day,4,4
U1461,7046346,day,3,4
U1462,34865091,day,4,4
U1463,7044804,day,3,3
U1464,122385716,day,4,5
U1465,7045523,night,3,4
U1466,136513282,day,4,5
U1467,7045961,night,3,3
U1468,119308614,day,3,4
U1469,222388934,day,4,5
U1470,773868819,night,3,3
U1471,7045174,day,3,5
U1472,147561235,night,4,5
U1473,325812120,night,4,5
U1474,7044828,day,3,4
U1475,458363456,day,4,5
U1476,7046078,day,3,3
U1477,632657494,day,4,5
U1478,117043866,day,3,5
U1479,7045855,night,4,4
U1480,7045410,night,3,4
U1481,7044879,day,4,3
U1482,742163309,night,3,5
U1483,59229057,day,4,4
U1484,1137884621,day,4,4
U1485,1090838677,day,3,3
U1486,124660300,day,4,4
U1487,207184823,day,3,4
U1488,610252178,night,3,4
U1489,117043866,day,4,5
U1490,51571174,day,3,5
U1491,7046570,day,3,3
U1492,7044865,night,3,3
U1493,4641546,night,3,4
U1494,7045739,night,4,3
U1495,770426570,day,4,5
U1496,7046015,day,4,4
U1497,770430119,night,4,3
U1498,949771545,night,3,2
U1499,269774712,night,3,5
U1500,1100640595,night,4,3
U1501,1100787463,night,3,5
U1502,115708748,night,3,4
U1503,7044871,day,4,4
U1504,217443548,day,3,4
U1505,7045410,day,4,5
U1506,7045574,night,4,4
U1507,115743518,day,3,5
U1508,7045944,night,3,2
U1509,93465599,night,4,4
U1510,1090785130,day,4,4
U1511,38358823,night,4,4
U1512,439886961,day,4,4
U1513,26144351,day,3,3
U1514,431477592,day,4,4
U1515,7045481,night,3,3
U1516,172500941,day,4,5
U1517,136179601,night,3,3
U1518,7045908,night,4,3
U1519,7045882,day,4,5
U1520,7046389,day,3,4
U1521,1284388007,night,3,4
U1522,7045693,day,3,4
U1523,7046226,day,3,4
U1524,307982479,day,4,5
U1525,118689925,day,3,5
U1526,7045946,night,3,2
U1527,7046215,night,4,4
U1528,115632078,day,4,5
U1529,7046096,night,4,4
U1530,7046465,night,4,3
U1531,7044866,night,3,3
U1532,49042720,night,3,5
U1533,7045946,night,3,3
U1534,7044883,night,4,3
U1535,1191563230,night,3,4
U1536,59229057,day,3,4
U1537,115743508,night,4,4
U1538,7045404,day,4,4
U1539,559787097,night,3,3
U1540,7046028,night,3,4
U1541,7046055,night,3,4
U1542,559787097,day,3,3
U1543,553776524,day,4,4
U1544,7045741,night,3,5
U1545,117608648,day,4,5
U1546,7046126,day,4,4
U1547,340004726,day,3,5
U1548,7045703,day,3,2
U1549,43278123,day,4,5
U1550,770429448,day,3,4
U1551,262218775,night,3,4
U1552,654075602,day,3,4
U1553,770430122,night,4,2
U1554,115743696,day,3,3
U1555,268615879,night,3,3
U1556,29979423,night,4,4
U1557,770430121,night,3,3
U1558,917156651,day,3,4
U1559,37844689,night,4,4
U1560,118606125,day,4,4
U1561,749251053,day,4,5
U1562,931233825,day,4,4
U1563,931233831,night,3,4
U1564,891087601,day,3,4
U1565,145518969,night,3,5
U1566,340004726,night,3,4
U1567,83187128,day,3,5
U1568,7046095,night,3,5
U1569,7046039,day,3,5
U1570,770493665,night,4,4
U1571,1044086670,night,4,4
U1572,7044996,day,4,3
U1573,43281281,night,4,4
U1574,742259505,night,3,4
U1575,7046376,day,3,5
U1576,51571175,night,4,4
U1577,7044891,day,4,4
U1578,7045547,day,4,5
U1579,118689925,day,4,4
U1580,115708738,night,3,4
U1581,773868813,night,3,2
U1582,136513266,day,4,4
U1583,119308610,night,4,4
U1584,7045691,night,4,3
U1585,112460250,night,4,5
U1586,499086655,night,4,4
U1587,1057857344,day,3,4
U1588,115708735,day,3,4
U1589,357538031,day,3,5
U1590,7046291,night,3,4
U1591,26144351,day,3,3
U1592,124840798,day,4,4
U1593,136124605,day,3,4
U1594,115750362,day,4,4
U1595,7045539,day,4,3
U1596,115750356,day,3,4
U1597,33514381,day,3,4
U1598,118689925,night,3,5
U1599,7045865,day,3,3
U1600,7046411,day,3,5
U1601,121289340,night,4,4
U1602,37844689,day,4,5
U1603,770426568,day,3,5
U1604,7044871,night,4,5
U1605,509666978,day,4,5
U1606,7045869,day,4,4
U1607,186891797,night,4,4
U1608,7044866,day,4,5
U1609,7046524,day,3,4
U1610,118689926,night,3,4
U1611,136179602,day,4,5
U1612,742505572,day,4,4
U1613,1079183576,night,3,5
U1614,158071068,night,3,3
U1615,1090729712,day,3,5
U1616,7046039,night,3,3
U1617,38358828,night,3,5
U1618,7045185,night,3,4
U1619,124660302,day,4,4
U1620,118690807,night,4,5
U1621,7046387,night,4,4
U1622,117608648,day,3,4
U1623,7046064,night,3,4
U1624,7045570,day,4,4
U1625,217443548,night,3,3
U1626,7046573,night,4,3
U1627,7044842,night,3,5
U1628,7046570,night,3,2
U1629,161975541,night,4,5
U1630,770430121,night,4,3
U1631,7044866,night,4,5
U1632,1080911084,night,3,4
U1633,7045640,night,4,5
U1634,7046585,night,4,3
U1635,1284387927,night,4,4
U1636,7046140,day,4,5
U1637,1315080912,day,4,4
U1638,1057857343,night,4,4
U1639,7044822,day,4,4
U1640,755044086,day,3,4
U1641,7046145,night,4,3
U1642,180117932,day,3,5
U1643,172492937,night,3,4
U1644,37417545,night,4,4
U1645,38531167,day,4,4
U1646,1100787465,night,4,5
U1647,112515073,day,3,3
U1648,7046524,day,3,3
U1649,7044834,day,4,4
U1650,36592981,night,3,4
U1651,117608648,day,4,5
U1652,7044961,day,4,5
U1653,7045453,night,4,4
U1654,195648502,night,3,4
U1655,34865091,day,4,3
U1656,325288075,night,4,4
U1657,34865089,night,3,4
U1658,115743518,day,3,5
U1659,43281498,day,4,4
U1660,125511756,day,4,5
U1661,43278112,day,3,5
U1662,115708744,day,4,4
U1663,1137884622,night,4,3
U1664,427612449,day,3,4
U1665,487222826,night,3,4
U1666,375527991,day,3,5
U1667,118605050,night,3,4
U1668,1090729712,day,3,4
U1669,118689927,night,3,3
U1670,7046465,day,3,3
U1671,37844688,day,3,4
U1672,33790945,night,3,5
U1673,520306171,day,4,4
U1674,7044871,day,4,5
U1675,118689927,night,4,4
U1676,7044905,night,3,3
U1677,115743515,day,4,5
U1678,865965004,day,3,5
U1679,7044838,night,4,5
U1680,1284388007,night,4,4
U1681,7045928,night,4,3
U1682,7044996,day,4,3
U1683,7045735,day,3,5
U1684,463647723,day,4,5
U1685,115711053,night,3,5
U1686,7045879,day,4,4
U1687,284529439,day,3,3
U1688,375340265,day,4,2
U1689,874772123,night,4,4
U1690,307982478,night,3,5
U1691,868635779,night,3,3
U1692,118689927,night,4,4
U1693,7045527,night,3,3
U1694,7045542,night,3,5
U1695,509666978,day,3,4
U1696,33514339,day,3,4
U1697,172392372,day,3,5
U1698,7044838,day,3,5
U1699,7046126,night,3,4
U1700,23247567,day,3,3
U1701,463625745,night,3,4
U1702,738258604,night,3,3
U1703,307982477,night,3,4
U1704,7044905,night,4,4
U1705,504684737,day,4,4
U1706,7046366,night,4,4
U1707,59229064,day,4,5
U1708,117065433,day,4,4
U1709,399512991,night,4,5
U1710,1091856156,night,4,4
U1711,7045823,night,3,4
U1712,7044804,day,3,4
U1713,174500364,day,4,4
U1714,180117926,night,3,4
U1715,190774233,night,4,5
U1716,60026245,day,3,4
U1717,559792593,night,4,4
U1718,38349510,night,3,5
U1719,770482206,day,3,4
U1720,145518969,day,4,5
U1721,738259341,night,4,3
U1722,115711052,day,3,4
U1723,773872198,day,4,3
U1724,7045792,night,4,4
U1725,7045453,day,4,3
U1726,27006392,night,3,4
U1727,7046107,night,3,5
U1728,770426569,night,3,5
U1729,1090547014,night,4,4
U1730,737950176,night,4,5
U1731,356993840,night,4,5
U1732,439886961,day,3,4
U1733,174500364,day,4,4
U1734,770426566,day,3,3
U1735,770473083,night,4,5
U1736,610252180,day,3,5
U1737,394378534,night,4,5
U1738,439886616,day,3,5
U1739,7045762,night,4,3
U1740,754704156,night,3,4
U1741,38349510,night,4,4
U1742,7046376,day,3,4
U1743,499086658,night,4,4
U1744,121289340,night,4,5
U1745,1081996732,night,4,3
U1746,1423636837,day,4,5
U1747,7045166,night,3,4
U1748,119308608,day,3,4
U1749,1350707067,night,4,2
U1750,463625745,day,3,4
U1751,564797103,night,4,4
U1752,7045896,night,4,3
U1753,7045882,day,4,3
U1754,119308610,night,3,5
U1755,773869640,night,3,3
U1756,118689924,night,4,4
U1757,180117947,day,3,5
U1758,7044833,night,3,4
U1759,29979245,day,3,3
U1760,7046283,day,3,4
U1761,356993844,night,4,5
U1762,539112355,night,3,4
U1763,770433017,night,4,5
U1764,403541657,night,4,4
U1765,136513264,night,4,4
U1766,931232659,night,3,5
U1767,603900269,day,4,5
U1768,1091856156,day,3,5
U1769,7045576,night,4,4
U1770,7045354,day,4,4
U1771,115711600,night,3,5
U1772,7045749,day,4,3
U1773,7046052,day,3,4
U1774,148306561,day,3,4
U1775,7045410,day,4,5
U1776,7045311,night,4,4
U1777,744277561,night,4,5
U1778,7045400,night,4,4
U1779,119308615,night,4,5
U1780,43281350,day,3,5
U1781,7045990,night,3,2
U1782,391010818,night,3,4
U1783,7044847,day,3,5
U1784,770429448,day,3,4
U1785,59051656,night,3,4
U1786,375340269,night,3,2
U1787,122385716,day,3,4
U1788,1079183575,day,3,4
U1789,23683013,day,4,4
U1790,1092105437,day,4,3
U1791,1341304531,night,3,3
U1792,610252178,night,3,4
U1793,7045618,night,3,3
U1794,1161682104,day,4,5
U1795,789208347,day,4,4
U1796,7046203,night,4,5
U1797,7045656,day,3,5
U1798,463625745,day,4,3
U1799,7045895,day,3,4
U1800,504863130,night,3,4
U1801,559787097,night,4,4
U1802,7046116,night,3,5
U1803,789208347,night,3,5
U1804,1025370978,night,4,4
U1805,1057857344,night,4,4
U1806,121283029,day,3,5
U1807,7045703,day,4,2
U1808,37844688,night,3,5
U1809,124840798,day,4,3
U1810,7046094,night,4,4
U1811,7046468,night,3,5
U1812,357001242,day,4,4
U1813,258138664,night,3,4
U1814,22987501,night,4,4
U1815,306119743,day,3,5
U1816,148311111,day,3,4
U1817,59229057,day,4,5
U1818,7045956,night,4,3
U1819,7045431,night,4,5
U1820,1079183574,day,4,4
U1821,49229549,night,4,4
U1822,148199986,day,3,5
U1823,118689926,night,4,4
U1824,137614014,day,4,4
U1825,7044850,day,3,4
U1826,7045524,day,4,5
U1827,505939427,night,4,4
U1828,7045523,day,3,4
U1829,770430122,day,4,4
U1830,931233825,day,4,4
U1831,27006392,day,3,4
U1832,117608648,night,3,5
U1833,33827456,night,3,5
U1834,22987501,night,3,5
U1835,126221716,day,3,4
U1836,884334996,night,3,4
U1837,770429441,night,3,3
U1838,917156651,night,4,5
U1839,115750359,night,4,3
U1840,7046015,night,4,3
U1841,931232658,day,3,5
U1842,7046418,night,3,4
U1843,7046479,day,4,4
U1844,7046285,day,4,5
U1845,115711053,day,4,4
U1846,115743508,night,3,5
U1847,26609074,night,3,4
U1848,865965003,night,4,4
U1849,660841421,day,3,3
U1850,7045944,day,3,2
U1851,770473083,day,3,4
U1852,7045662,day,3,3
U1853,304634473,night,3,4
U1854,43278114,night,4,5
U1855,4641546,day,3,5
U1856,610252180,day,3,4
U1857,7044836,day,3,5
U1858,7045431,night,4,5
U1859,7044835,day,3,4
U1860,610252180,night,3,4
U1861,7045872,day,3,4
U1862,819816301,night,4,4
U1863,115711053,day,4,5
U1864,463625745,day,4,4
U1865,7046147,night,3,3
U1866,614449799,night,4,3
U1867,304661185,night,3,5
U1868,1138382965,day,4,5
U1869,7044857,day,4,5
U1870,38531175,day,4,3
U1871,738259341,night,3,3
U1872,115743518,night,4,5
U1873,554108531,night,4,5
U1874,7046073,night,4,4
U1875,7046541,night,3,4
U1876,682307718,night,4,3
U1877,115708735,day,3,5
U1878,7046218,day,4,4
U1879,43278109,day,4,4
U1880,126230982,night,3,4
U1881,43281350,night,4,5
U1882,553776524,night,3,2
U1883,324310027,day,3,5
U1884,180117947,day,4,4
U1885,7045838,night,4,4
U1886,51571174,night,4,4
U1887,1090547014,night,3,4
U1888,7045818,night,3,5
U1889,7045818,day,4,4
U1890,463625747,night,3,5
U1891,7046067,night,4,5
U1892,7045656,day,4,4
U1893,7045761,night,3,5
U1894,357005683,day,3,5
U1895,115750359,night,4,2
U1896,33471678,day,4,5
U1897,7046218,day,4,3
U1898,1090785124,day,3,4
U1899,7045416,day,4,4
U1900,885021977,day,3,3
U1901,115743696,day,3,3
U1902,258138666,day,4,2
U1903,306119744,night,4,4
U1904,7044842,night,3,5
U1905,7045528,day,4,4
U1906,376957763,day,3,3
U1907,7045117,night,4,5
U1908,262218775,night,3,5
U1909,7045604,night,4,4
U1910,7044911,day,4,4
U1911,7045539,night,3,4
U1912,1100640595,day,3,4
U1913,754704157,day,4,4
U1914,148306560,day,4,5
U1915,773868816,day,4,3
U1916,1082310746,night,4,5
U1917,1372689903,day,4,4
U1918,112515062,night,4,3
U1919,1090846595,day,3,5
U1920,59229066,day,4,4
U1921,7045247,night,3,2
U1922,7046544,night,4,4
U1923,376957763,day,4,3
U1924,754704156,night,4,3
U1925,1284388007,night,4,2
U1926,124660302,night,4,5
U1927,7045741,day,3,3
U1928,38358823,day,4,4
U1929,118106438,day,3,4
U1930,7045527,day,3,5
U1931,7045748,night,3,5
U1932,7045691,night,4,2
U1933,125511759,night,4,5
U1934,172500941,night,4,5
U1935,7046444,night,3,4
U1936,136179599,day,3,4
U1937,682307717,night,4,4
U1938,124840797,night,4,3
U1939,117043867,day,3,4
U1940,357538028,day,4,4
U1941,145514250,day,4,4
U1942,115708744,night,4,5
U1943,744277560,day,4,4
U1944,1100640606,day,4,4
U1945,1079425314,night,4,3
U1946,670978249,night,3,3
U1947,180117911,day,4,5
U1948,610252176,day,3,4
U1949,738259342,night,4,3
U1950,1423636837,night,4,4
U1951,172492937,day,4,5
U1952,7045022,day,3,4
U1953,61130897,day,4,5
U1954,38349507,night,4,4
U1955,770482206,day,4,4
U1956,427612437,day,4,5
U1957,357001243,day,4,3
U1958,180117920,day,4,5
U1959,7045882,day,3,4
U1960,307982477,night,3,5
U1961,65276162,night,3,4
U1962,7044890,day,4,4
U1963,7045858,day,4,4
U1964,124840797,day,4,5
U1965,1092105437,night,3,4
U1966,7045445,night,4,4
U1967,7046524,night,3,4
U1968,7046544,night,4,4
U1969,161975536,night,3,3
U1970,7045516,night,4,4
U1971,571410215,day,4,5
U1972,7045371,night,3,3
U1973,770430122,day,3,3
U1974,586407889,day,3,4
U1975,499086653,day,4,5
U1976,1079183575,day,4,4
U1977,789208345,night,4,4
U1978,34181695,day,4,5
U1979,307982476,day,3,5
U1980,73094307,night,3,5
U1981,1079787968,night,4,5
U1982,670978249,day,3,5
U1983,73094302,day,3,4
U1984,73094302,day,4,5
U1985,7045174,night,3,5
U1986,136513264,night,4,4
U1987,115750356,night,3,4
U1988,268615881,night,4,4
U1989,191593760,day,4,4
U1990,304634473,day,3,4
U1991,431477592,day,3,4
U1992,432380498,night,3,4
U1993,117043866,night,4,5
U1994,553770182,night,3,4
U1995,7046204,day,3,4
U1996,1372689903,night,3,4
U1997,584445981,day,4,4
U1998,7045869,night,4,4
U1999,7045408,night,4,5
U2000,773869641,night,3,4
U2001,33827456,day,4,4
U2002,1079429590,day,4,5
U2003,122390857,night,3,5
U2004,505939428,day,4,5
U2005,7045703,day,4,3
U2006,38358823,day,3,5
U2007,7046140,day,4,3
U2008,7045447,day,4,5
U2009,439886961,day,3,4
U2010,1091191356,night,4,3
U2011,115711600,day,3,5
U2012,118605670,day,3,5
U2013,770426571,night,3,5
U2014,7044846,night,4,4
U2015,65276162,day,3,4
U2016,1100787462,night,4,5
U2017,7045402,day,4,3
U2018,7046416,day,3,4
U2019,121289340,night,3,4
U2020,7045269,night,4,4
U2021,125511756,day,4,4
U2022,124660301,day,4,5
U2023,34865091,night,4,4
U2024,1090846594,day,3,4
U2025,112515068,day,3,5
U2026,7045898,day,3,5
U2027,122390645,day,4,4
U2028,124840797,night,4,3
U2029,148308601,day,3,5
U2030,504684738,night,3,4
U2031,7045356,day,3,4
U2032,118603691,night,4,4
U2033,7046465,night,3,5
U2034,37417544,day,4,4
U2035,148311111,day,4,5
U2036,7045869,night,4,4
U2037,7044863,night,3,4
U2038,180117926,day,4,5
U2039,147561235,night,4,5
U2040,949771545,day,4,2
U2041,59051656,day,3,4
U2042,7044969,night,3,3
U2043,7046168,night,3,3
U2044,180117932,night,4,4
U2045,122394095,day,3,4
U2046,7045702,night,3,5
U2047,357001243,night,4,4
U2048,571410215,night,4,4
U2049,375340265,day,3,2
U2050,403541657,night,3,4
U2051,931233831,day,4,3
U2052,7045961,day,4,3
U2053,553770177,night,4,5
U2054,7046168,night,3,4
U2055,7045631,night,3,4
U2056,38358819,night,3,4
U2057,7045856,night,4,3
U2058,118690805,day,3,5
U2059,7045662,day,3,4
U2060,1445392732,day,3,2
U2061,7045577,day,4,5
U2062,73094311,night,4,5
U2063,73094312,night,3,5
U2064,7044857,night,3,4
U2065,7046476,night,3,5
U2066,610252194,night,3,4
U2067,7045911,night,3,4
U2068,357005683,night,4,4
U2069,931233834,day,3,4
U2070,773869641,night,4,3
U2071,7046442,night,3,4
U2072,7044840,day,4,4
U2073,7046283,day,4,4
U2074,115708738,night,4,5
U2075,580523115,night,3,3
U2076,7045416,day,4,3
U2077,7046479,night,4,4
U2078,148311109,day,3,5
U2079,1413008723,day,3,4
U2080,148311112,day,3,4
U2081,7046570,day,3,3
U2082,571409076,night,3,4
U2083,7045114,day,3,5
U2084,7044940,night,3,4
U2085,325246226,day,3,4
U2086,172386584,night,3,4
U2087,7045606,day,4,3
U2088,770473086,night,4,4
U2089,1423636836,day,3,4
U2090,7045908,day,3,3
U2091,7046175,day,3,3
U2092,38531179,night,4,3
U2093,119308615,day,3,5
U2094,7045552,day,4,3
U2095,118606125,day,4,4
U2096,1146079856,day,3,4
U2097,38358826,night,4,5
U2098,7046161,night,3,3
U2099,115743515,night,4,4
U2100,1079787968,day,4,5
U2101,375099847,day,3,5
U2102,738258604,day,4,3
U2103,7045539,day,3,4
U2104,172500944,day,4,5
U2105,306119745,day,3,5
U2106,1423636837,night,4,5
U2107,7046058,day,4,4
U2108,7045574,night,4,4
U2109,7045583,night,4,3
U2110,115743508,night,4,4
U2111,7045004,day,4,4
U2112,7045060,night,4,4
U2113,1100640595,night,4,4
U2114,7044879,day,4,3
U2115,7045620,night,3,4
U2116,770444287,day,4,4
U2117,172392372,day,4,3
U2118,122385716,night,3,5
U2119,508480421,day,4,4
U2120,37283411,day,4,5
U2121,375099847,day,3,3
U2122,874772120,day,4,4
U2123,38531167,day,4,4
U2124,1079425314,day,4,3
U2125,439886961,night,4,4
U2126,559792593,day,4,3
U2127,7046361,night,4,3
U2128,743266445,day,4,3
U2129,7046134,day,4,5
U2130,172392372,night,3,4
U2131,773868813,day,4,3
U2132,43281350,night,4,5
U2133,112515064,day,4,3
U2134,854913629,day,4,5
U2135,268766164,day,4,5
U2136,564797103,night,4,5
U2137,7045668,night,4,4
U2138,158070750,night,3,4
U2139,7045637,day,3,4
U2140,757702878,day,3,3
U2141,137614015,night,3,4
U2142,770434439,day,4,3
U2143,399512991,night,3,4
U2144,27006392,day,4,5
U2145,471829718,day,4,5
U2146,493461893,night,4,4
U2147,323847238,day,4,4
U2148,43278109,night,3,5
U2149,660841421,day,4,5
U2150,7045908,night,4,3
U2151,284529445,day,4,4
U2152,122394096,night,3,5
U2153,1025370978,night,3,5
U2154,115708747,night,3,5
U2155,357005682,day,4,5
U2156,146254402,day,4,4
U2157,917156647,day,3,5
U2158,217443548,day,4,4
U2159,146254402,night,4,4
U2160,375340265,day,3,3
U2161,148306558,night,3,5
U2162,136513282,night,4,4
U2163,7046586,day,4,2
U2164,115708749,day,4,5
U2165,124696546,night,4,4
U2166,7045401,day,4,4
U2167,1374480058,day,3,4
U2168,73094302,day,3,4
U2169,7046116,night,4,4
U2170,7045591,night,3,5
U2171,1445392734,night,3,3
U2172,4641546,night,3,4
U2173,773868816,night,3,2
U2174,115708749,night,4,4
U2175,7046147,night,3,4
U2176,23247567,night,3,3
U2177,1090846594,night,4,5
U2178,770482206,night,4,4
U2179,7045637,day,3,3
U2180,7045060,night,4,4
U2181,172392372,day,3,3
U2182,118689922,day,3,5
U2183,117065434,day,4,4
U2184,490783303,night,4,4
U2185,357538031,day,4,4
U2186,754704157,night,4,2
U2187,115743514,day,4,4
U2188,846636109,day,4,4
U2189,744277560,day,3,4
U2190,118689925,night,4,5
U2191,7045719,night,3,3
U2192,115743506,day,3,5
U2193,1284388007,day,4,3
U2194,7045637,day,3,5
U2195,33913035,day,4,3
U2196,118690807,day,4,4
U2197,7046015,night,4,4
U2198,770493665,night,4,5
U2199,7045641,day,3,4
U2200,770426570,night,3,5
U2201,33199224,night,4,5
U2202,119308614,day,4,4
U2203,136179601,day,4,4
U2204,7045487,night,4,4
U2205,1057857343,day,4,5
U2206,148306560,day,4,5
U2207,7045606,night,4,4
U2208,819816301,night,4,4
U2209,38349509,night,3,4
U2210,119311654,day,3,4
U2211,73094302,day,4,4
U2212,559026717,night,4,4
U2213,126221713,night,3,5
U2214,7046389,night,4,4
U2215,7046497,day,4,4
U2216,773868819,day,4,3
U2217,7046518,night,4,4
U2218,7045823,day,3,4
U2219,7046366,night,4,3
U2220,268766164,night,4,5
U2221,630293396,day,3,4
U2222,7046586,night,4,3
U2223,7044824,night,4,4
U2224,375099847,day,3,5
U2225,307982477,night,4,5
U2226,38349508,night,3,4
U2227,773868809,day,4,2
U2228,931233829,day,3,4
U2229,403541605,day,3,4
U2230,262218775,night,3,5
U2231,554108531,day,4,5
U2232,306119745,night,3,3
U2233,7046524,night,4,5
U2234,7045953,day,3,2
U2235,357003665,day,4,5
U2236,7045566,night,3,4
U2237,571409078,day,3,5
U2238,7046126,day,4,4
U2239,7045541,night,3,5
U2240,7045957,night,3,3
U2241,7046116,day,3,3
U2242,7046301,day,4,4
U2243,490783303,day,4,4
U2244,773868813,day,3,2
U2245,770430122,day,3,3
U2246,7046501,night,4,3
U2247,931233829,night,4,3
U2248,23683013,night,4,4
U2249,7046028,day,3,3
U2250,161975529,day,4,5
U2251,7046501,night,3,3
U2252,136513266,night,3,4
U2253,7045452,night,4,5
U2254,770430122,night,3,3
U2255,819816301,day,3,5
U2256,7046361,night,4,4
U2257,7045973,night,4,3
U2258,586407890,night,3,4
U2259,1100787462,day,3,4
U2260,7045473,day,3,4
U2261,158070751,day,4,5
U2262,7044865,night,4,4
U2263,357538027,day,4,4
U2264,584445981,day,4,4
U2265,7045940,day,3,4
U2266,7044860,day,3,4
U2267,38531173,day,3,3
U2268,7046057,night,4,4
U2269,29979245,night,3,4
U2270,49042720,night,4,5
U2271,115750360,night,4,5
U2272,164971339,day,4,4
U2273,754704156,night,3,3
U2274,38572018,day,4,3
U2275,931233825,day,3,3
U2276,1178529647,night,4,4
U2277,7044996,night,3,4
U2278,7044883,day,3,4
U2279,499086654,night,3,3
U2280,7046177,day,3,5
U2281,754704156,day,3,4
U2282,1137884621,night,4,4
U2283,7045963,night,4,3
U2284,148199985,day,4,4
U2285,4264947,day,4,5
U2286,846636109,day,4,3
U2287,7044940,night,4,5
U2288,584445981,day,4,4
U2289,118690807,day,3,4
U2290,7044822,day,4,4
U2291,269052590,night,3,3
U2292,682307718,night,3,3
U2293,7045371,night,3,3
U2294,307981300,night,3,5
U2295,884334996,day,4,4
U2296,773869643,day,3,4
U2297,7046175,day,4,4
U2298,34181692,night,4,4
U2299,118690806,night,3,5
U2300,770426568,night,4,4
U2301,7046402,day,3,4
U2302,115708747,night,3,5
U2303,854913630,day,3,3
U2304,73094302,night,4,5
U2305,7045882,day,3,3
U2306,59229059,day,3,5
U2307,7045644,day,3,4
U2308,7045641,day,3,5
U2309,586407890,day,4,5
U2310,770426568,night,3,5
U2311,7045117,night,4,4
U2312,7045703,day,3,3
U2313,119311654,night,4,5
U2314,1284388007,night,4,4
U2315,553776524,day,3,3
U2316,7044886,day,4,3
U2317,7045925,night,4,3
U2318,7044820,day,4,4
U2319,7045812,night,4,3
U2320,38358819,night,3,4
U2321,1423636836,night,4,5
U2322,137614015,day,3,5
U2323,115708745,day,4,5
U2324,7045631,night,3,3
U2325,147561235,day,4,3
U2326,304634473,night,3,4
U2327,580523115,night,3,4
U2328,554108531,night,3,4
U2329,357001243,night,3,5
U2330,7044866,day,4,3
U2331,119308614,night,4,4
U2332,463625745,day,3,5
U2333,505939428,night,4,4
U2334,458362021,night,3,4
U2335,7046064,day,4,4
U2336,117065433,night,3,4
U2337,126221712,day,4,4
U2338,118689922,day,4,4
U2339,59051656,night,3,5
U2340,737950161,day,4,5
U2341,27006392,day,4,4
U2342,43278111,night,4,4
U2343,1374480058,day,4,4
U2344,375340269,day,3,3
U2345,931232657,night,4,5
U2346,357538026,night,3,5
U2347,125511756,night,4,5
U2348,269774712,day,4,3
U2349,7046479,day,3,4
U2350,931232658,day,3,4
U2351,773868814,night,4,3
U2352,7044819,night,4,5
U2353,122385716,day,3,4
U2354,743266445,night,3,3
U2355,458363455,day,4,4
U2356,7046215,day,3,4
U2357,7046028,night,3,4
U2358,917156647,day,3,4
U2359,59229064,day,4,5
U2360,118106438,night,4,5
U2361,7045962,day,3,3
U2362,770426568,day,4,5
U2363,7045839,night,4,3
U2364,7045618,day,3,5
U2365,43278111,night,3,4
U2366,307982477,night,4,5
U2367,7045485,night,3,4
U2368,1138382967,night,4,5
U2369,7045772,day,3,5
U2370,553770180,day,4,3
U2371,7044846,day,4,3
U2372,4641546,night,4,5
U2373,1284388007,night,4,2
U2374,949771545,night,4,3
U2375,7046116,night,3,4
U2376,7045400,night,3,3
U2377,174500364,day,3,4
U2378,222388934,day,4,5
U2379,174500366,day,3,4
U2380,307982476,day,4,5
U2381,854913630,day,4,3
U2382,7044817,day,3,5
U2383,328849644,night,4,5
U2384,1100787465,night,3,5
U2385,1100640603,day,4,3
U2386,439886615,day,4,4
U2387,7045132,night,4,4
U2388,7045447,day,3,4
U2389,127224485,day,4,5
U2390,1071314298,day,3,4
U2391,115708749,night,4,4
U2392,37417544,day,3,4
U2393,7045552,night,4,5
U2394,773869643,night,4,4
U2395,7046055,night,4,5
U2396,7045818,night,3,3
U2397,7046028,night,3,4
U2398,770493665,day,4,5
U2399,4641546,day,4,5
U2400,29979245,day,3,5
U2401,508480421,night,3,4
U2402,118691954,day,4,5
U2403,357003665,day,4,3
U2404,868161916,day,3,5
U2405,7046418,day,3,4
U2406,34145986,night,3,4
U2407,505939428,day,3,4
U2408,1229996044,day,3,4
U2409,931233828,night,4,4
U2410,770430120,night,4,4
U2411,7046520,night,3,4
U2412,610252178,day,4,4
U2413,7046039,night,4,4
U2414,7045065,day,3,4
U2415,868635779,day,4,3
U2416,158071068,day,4,4
U2417,7044890,day,3,4
U2418,321177434,night,4,4
U2419,122114280,day,4,5
U2420,7045809,night,3,5
U2421,38531182,night,3,3
U2422,180117947,night,4,4
U2423,7046078,day,4,3
U2424,547502340,day,3,4
U2425,755044087,night,4,4
U2426,7046499,night,3,3
U2427,7046168,night,4,5
U2428,119308614,night,3,5
U2429,7045491,day,3,4
U2430,1372689903,day,3,4
U2431,770436181,day,3,4
U2432,931232660,night,3,5
U2433,7045691,night,4,4
U2434,7045357,day,4,5
U2435,754529312,day,4,4
U2436,7046457,day,4,3
U2437,819816301,night,3,4
U2438,773868814,day,3,2
U2439,357538026,day,3,5
U2440,431477539,day,4,4
U2441,172500944,day,4,3
U2442,427612449,night,4,4
U2443,949771545,day,4,2
U2444,7045541,night,4,4
U2445,117043867,night,3,5
U2446,118446663,day,4,4
U2447,773872198,day,4,2
U2448,7044833,night,3,3
U2449,1315080912,night,3,5
U2450,7045466,night,4,4
U2451,7045410,night,4,3
U2452,37844688,day,4,5
U2453,180117947,day,4,4
U2454,7045445,night,3,4
U2455,836187023,day,4,5
U2456,463647714,day,4,5
U2457,7044877,day,4,5
U2458,931233836,day,3,3
U2459,7046177,night,3,5
U2460,7045381,day,3,4
U2461,325288075,day,4,3
U2462,7045858,day,3,4
U2463,1423679445,night,4,4
U2464,118689922,night,3,4
U2465,33514339,day,4,4
U2466,1081996732,night,3,3
U2467,7045542,night,3,3
U2468,174500368,night,3,5
U2469,357001242,day,4,4
U2470,268615881,night,3,4
U2471,770436181,day,4,3
U2472,1090785124,night,3,3
U2473,7045735,day,3,5
U2474,145518969,night,4,4
U2475,147561235,night,4,5
U2476,221491317,night,3,4
U2477,7044838,night,3,3
U2478,7045571,day,4,3
U2479,1100640595,day,4,4
U2480,7045381,day,3,3
U2481,7045466,day,3,3
U2482,7046468,day,3,5
U2483,375340269,day,4,3
U2484,1137884622,night,4,4
U2485,7045060,night,3,3
U2486,1138382965,night,3,5
U2487,7045010,night,4,4
U2488,7046233,night,3,4
U2489,93465599,day,4,5
U2490,7045839,day,4,4
U2491,161975541,night,3,4
U2492,222388934,night,4,4
U2493,118606125,night,4,4
U2494,1079787968,night,3,5
U2495,190774233,night,4,4
U2496,158070751,night,3,4
U2497,7045618,night,4,4
U2498,38531179,night,4,3
U2499,7044921,day,3,4
U2500,931233833,night,3,4
U2501,121282988,day,3,4
U2502,375099847,night,4,3
U2503,7045497,night,4,5
U2504,7044850,day,4,4
U2505,115708747,night,4,5
U2506,682307718,night,3,4
U2507,7046444,day,4,4
U2508,22118549,night,3,5
U2509,770436181,day,3,3
U2510,603900269,night,3,5
U2511,7046303,day,3,5
U2512,458363456,day,4,4
U2513,7046392,day,3,4
U2514,7045371,night,4,5
U2515,7045410,day,4,5
U2516,1315058575,day,4,5
U2517,118605670,day,4,4
U2518,375527991,day,3,4
U2519,7045591,night,4,4
U2520,7045583,night,4,4
U2521,1356511201,night,3,4
U2522,7046283,day,3,5
U2523,885021977,day,4,3
U2524,1090846594,night,4,4
U2525,225981836,night,3,4
U2526,117608648,night,4,4
U2527,207184822,day,4,4
U2528,7045644,day,3,5
U2529,7045491,day,4,4
U2530,124840797,night,3,4
U2531,7045356,night,3,4
U2532,7045620,night,3,4
U2533,7045381,night,4,4
U2534,7045739,night,4,5
U2535,770436181,day,3,3
U2536,846636109,day,3,4
U2537,49229549,night,3,4
U2538,115743505,night,3,5
U2539,38349508,day,4,4
U2540,7046353,night,3,4
U2541,118689926,day,4,4
U2542,7046015,night,3,5
U2543,124840797,day,3,4
U2544,7045060,night,3,5
U2545,584445981,night,4,3
U2546,770426572,night,3,3
U2547,115708746,night,4,5
U2548,1081996732,night,4,4
U2549,1100640603,day,4,3
U2550,7045311,night,4,3
U2551,7046142,day,3,4
U2552,127224485,night,3,5
U2553,7045416,night,3,5
U2554,357538026,night,4,4
U2555,773868812,night,4,3
U2556,7045705,day,4,2
U2557,7044996,day,3,4
U2558,115743515,day,4,5
U2559,37417545,day,4,5
U2560,37417546,night,4,4
U2561,7045483,night,4,4
U2562,917156649,day,3,4
U2563,682307717,night,4,5
U2564,7045626,night,4,4
U2565,172392372,day,3,4
U2566,7045311,night,3,3
U2567,147561237,night,4,4
U2568,307983750,day,3,5
U2569,7044891,night,4,4
U2570,501057682,night,4,5
U2571,137614016,night,4,5
U2572,112460250,night,4,4
U2573,742259505,day,4,4
U2574,773869643,day,3,4
U2575,38531179,night,3,4
U2576,1161682104,night,3,5
U2577,7046285,night,4,4
U2578,583257729,night,3,4
U2579,737950161,day,4,4
U2580,112515065,day,4,4
U2581,112515073,day,4,3
U2582,770430122,night,3,3
U2583,51571174,night,3,5
U2584,37844688,day,4,4
U2585,376957763,night,3,4
U2586,49042720,night,3,5
U2587,1081996732,day,4,3
U2588,7045418,night,4,3
U2589,1091191355,night,4,3
U2590,7046073,day,3,5
U2591,1423636836,day,4,4
U2592,38358819,day,3,5
U2593,7046436,night,4,4
U2594,1100640606,day,4,4
U2595,112515062,day,3,4
U2596,773869643,night,4,3
U2597,7046411,night,3,3
U2598,356993848,day,3,4
U2599,7046369,night,4,5
U2600,115750362,night,4,4
U2601,148306560,night,4,4
U2602,136179599,day,4,3
U2603,610252194,day,3,4
U2604,7046418,night,3,5
U2605,7045552,night,4,3
U2606,49042720,day,3,4
U2607,610252181,night,3,4
U2608,7045587,night,3,4
U2609,375099847,day,3,4
U2610,7046418,night,4,4
U2611,217443548,night,4,3
U2612,1090785130,night,4,4
U2613,7045838,night,4,4
U2614,7044850,day,4,3
U2615,770426567,night,3,4
U2616,115708738,day,4,4
U2617,43281281,night,3,4
U2618,394378534,day,4,4
U2619,7046413,day,3,3
U2620,7046135,day,3,4
U2621,559026717,day,3,5
U2622,180117911,night,4,5
U2623,559026717,day,4,5
U2624,770436181,night,4,5
U2625,43278109,day,3,5
U2626,7045407,day,4,4
U2627,158071068,night,3,4
U2628,7044835,day,4,4
U2629,1350707066,night,3,3
U2630,7046147,night,4,5
U2631,7045780,day,3,3
U2632,593435323,day,3,4
U2633,1100787463,day,4,4
U2634,553770152,day,3,5
U2635,1413008722,night,4,4
U2636,755044087,night,3,5
U2637,59229065,night,3,4
U2638,7046586,day,3,3
U2639,43278111,night,3,5
U2640,865965004,night,3,4
U2641,7044860,day,4,3
U2642,7045637,night,3,4
U2643,770482206,night,4,2
U2644,504684738,day,4,5
U2645,582944682,day,4,5
U2646,7045487,day,3,4
U2647,118691956,day,3,5
U2648,463647723,night,3,4
U2649,7045410,night,4,3
U2650,504863124,night,4,5
U2651,7045532,day,3,3
U2652,7045625,night,4,3
U2653,38358823,day,3,4
U2654,7045060,night,3,5
U2655,22118549,night,3,5
U2656,1057857344,day,4,4
U2657,115708738,day,4,5
U2658,7045566,day,3,3
U2659,119308627,day,3,4
U2660,43278111,night,3,4
U2661,7045114,night,3,4
U2662,119308614,night,4,4
U2663,7045496,night,4,4
U2664,7044921,day,3,5
U2665,307981300,night,3,4
U2666,7045269,day,4,4
U2667,1350707067,night,4,3
U2668,7045481,day,4,4
U2669,221491318,day,4,4
U2670,180117911,night,4,3
U2671,34181692,day,4,5
U2672,7045885,night,3,4
U2673,7046413,night,4,4
U2674,7046459,night,3,3
U2675,7046366,day,4,4
U2676,773869640,day,4,4
U2677,357538026,day,3,4
U2678,7045879,night,3,3
U2679,118603691,day,3,5
U2680,118106438,day,3,5
U2681,1090846594,day,4,4
U2682,7045898,day,4,5
U2683,7044847,night,4,3
U2684,504863126,night,4,3
U2685,553770173,day,4,5
U2686,1315080912,night,4,5
U2687,375099847,night,4,3
U2688,1079787968,night,4,4
U2689,7045065,night,3,5
U2690,1091856156,day,4,5
U2691,744277561,day,4,4
U2692,7046078,day,3,4
U2693,172154460,night,3,4
U2694,917156651,day,4,4
U2695,7044961,night,3,5
U2696,304661185,day,3,4
U2697,36592981,night,3,4
U2698,7044886,night,3,4
U2699,7044822,day,3,5
U2700,7045381,day,3,5
U2701,112515064,night,4,3
U2702,7045996,night,4,3
U2703,1305987254,night,4,4
U2704,118605670,day,3,5
U2705,7045879,night,3,4
U2706,836187023,day,3,5
U2707,458363455,day,3,5
U2708,770426567,day,3,4
U2709,117043866,night,3,5
U2710,7044835,day,3,3
U2711,931233835,night,4,3
U2712,115708739,day,3,5
U2713,145048348,night,4,4
U2714,7045481,night,3,5
U2715,931233835,day,4,3
U2716,7045000,night,3,3
U2717,539112355,day,3,5
U2718,124657880,night,4,4
U2719,891092619,day,4,4
U2720,7045809,night,4,3
U2721,7045996,night,4,3
U2722,1090785130,day,3,4
U2723,7044834,night,3,4
U2724,112515068,day,3,5
U2725,127224485,night,3,5
U2726,49229549,day,4,4
U2727,773868816,day,3,3
U2728,307981300,day,4,4
U2729,7045174,night,4,4
U2730,7045749,night,4,4
U2731,306119744,day,3,4
U2732,7045524,day,4,4
U2733,7046142,night,3,5
U2734,742163309,day,3,5
U2735,118689926,night,3,5
U2736,4264947,day,4,4
U2737,1350707066,night,3,3
U2738,917156651,night,4,4
U2739,118689922,night,3,4
U2740,7046126,day,3,4
U2741,7045909,night,3,4
U2742,7045524,night,3,3
U2743,115708738,night,4,5
U2744,7045576,day,3,4
U2745,7046126,night,3,4
U2746,7046095,night,3,4
U2747,59229059,day,3,4
U2748,580523115,night,4,5
U2749,1100640595,night,3,4
U2750,118605670,day,3,5
U2751,7046096,night,4,3
U2752,1161682104,day,3,5
U2753,33514381,night,3,5
U2754,1135938994,day,4,5
U2755,258138664,day,4,4
U2756,7046291,day,3,4
U2757,146275971,day,4,4
U2758,7045516,night,3,3
U2759,885021976,night,4,3
U2760,1100640601,day,3,3
U2761,323847236,day,3,3
U2762,7044828,day,3,5
U2763,7046561,day,3,4
U2764,7046520,day,3,4
U2765,115708735,day,4,4
U2766,1138382966,night,3,4
U2767,306119745,day,4,3
U2768,7045772,night,3,3
U2769,427612449,night,4,4
U2770,172155791,day,4,4
U2771,7045786,night,4,4
U2772,738258604,night,3,2
U2773,325023862,day,4,2
U2774,1090729712,night,3,5
U2775,931233829,day,3,4
U2776,7046478,day,4,4
U2777,325288075,night,4,4
U2778,7046107,day,4,4
U2779,754529312,day,4,3
U2780,7046024,night,3,3
U2781,112515062,day,3,5
U2782,262218775,day,3,4
U2783,7046465,day,3,3
U2784,7046151,day,4,4
U2785,770429435,night,3,3
U2786,7046193,night,3,5
U2787,7046473,night,3,3
U2788,146977379,night,4,5
U2789,357005682,night,4,4
U2790,323847237,day,3,4
U2791,770430120,day,4,4
U2792,124660302,night,4,5
U2793,33514381,day,4,4
U2794,975323193,day,4,5
U2795,43278111,day,3,4
U2796,115743506,day,4,4
U2797,7046203,day,4,4
U2798,7045247,night,3,4
U2799,357001244,night,4,4
U2800,7045693,night,3,2
U2801,7046147,night,3,3
U2802,7045973,night,4,3
U2803,610252184,night,4,4
U2804,1090729712,night,4,5
U2805,7045618,day,4,3
U2806,770433017,night,3,4
U2807,180117947,night,4,4
U2808,262218775,night,4,5
U2809,931233835,night,4,4
U2810,7046573,day,3,3
U2811,504684738,day,4,4
U2812,115708745,day,4,4
U2813,7046078,night,3,3
U2814,357538029,night,4,3
U2815,7045473,day,4,5
U2816,118689926,night,4,4
U2817,118689927,day,4,5
U2818,34145986,night,3,4
U2819,148199985,night,3,3
U2820,737950176,night,3,5
U2821,1071314298,day,4,3
U2822,7045762,night,4,3
U2823,670978251,night,3,3
U2824,7045962,day,3,3
U2825,789208345,day,4,4
U2826,7044991,night,3,3
U2827,7044879,day,4,4
U2828,124840798,day,4,3
U2829,174500367,day,3,4
U2830,126230982,night,3,5
U2831,754529312,night,4,3
U2832,7044850,day,4,4
U2833,891087601,night,3,4
U2834,118605672,day,3,5
U2835,755044086,day,4,5
U2836,7045022,night,3,5
U2837,126230983,day,3,5
U2838,7044886,night,3,4
U2839,1413008722,night,4,5
U2840,891087601,night,3,4
U2841,7045963,night,4,2
U2842,284529445,night,3,5
U2843,7046518,day,3,4
U2844,7045573,night,3,5
U2845,115708747,night,4,5
U2846,7046444,night,4,4
U2847,7044886,day,4,4
U2848,7046346,day,3,4
U2849,7045780,night,4,3
U2850,504863122,night,4,3
U2851,770434439,day,4,4
U2852,770473086,night,3,5
U2853,124696546,day,3,5
U2854,7045541,day,3,5
U2855,773868809,night,4,2
U2856,7045354,day,4,4
U2857,7045447,day,3,3
U2858,489340984,day,3,5
U2859,7046039,night,4,3
U2860,115708745,day,4,4
U2861,258138664,day,4,4
U2862,571410215,day,4,4
U2863,7044905,night,3,4
U2864,36592981,night,3,3
U2865,7046151,night,4,3
U2866,7045066,night,3,5
U2867,7044991,night,3,5
U2868,146244555,night,4,4
U2869,118606125,day,3,4
U2870,43278123,day,4,5
U2871,307981300,day,4,5
U2872,307983750,day,4,4
U2873,7044817,day,3,4
U2874,7046175,day,3,5
U2875,7045412,day,3,4
U2876,119308608,day,4,5
U2877,773869640,day,4,4
U2878,148306561,day,3,3
U2879,7046416,night,3,4
U2880,603900269,night,3,4
U2881,7045973,night,4,3
U2882,770426571,night,4,4
U2883,7044838,night,4,3
U2884,7045497,day,3,5
U2885,770426567,day,4,4
U2886,463625745,day,4,4
U2887,328849644,day,3,4
U2888,7045485,night,3,4
U2889,7044833,night,4,4
U2890,125511759,day,4,4
U2891,749251053,night,4,4
U2892,161975541,night,3,5
U2893,146977378,day,4,5
U2894,43278110,day,3,5
U2895,874772120,day,3,5
U2896,37417545,day,4,5
U2897,582944682,day,4,5
U2898,124840798,night,4,4
U2899,737950179,day,3,5
U2900,7046459,day,3,3
U2901,357001242,night,3,4
U2902,770468927,day,4,2
U2903,180117941,night,3,5
U2904,431477539,night,4,4
U2905,7045855,day,4,5
U2906,432380498,night,3,5
U2907,7045882,night,4,4
U2908,1079183575,day,3,4
U2909,917156651,day,3,5
U2910,7046292,night,3,5
U2911,884334996,day,3,5
U2912,660841421,night,4,4
U2913,405890309,day,4,4
U2914,43278114,night,3,5
U2915,7046285,night,3,5
U2916,7045445,day,4,4
U2917,38349508,night,3,4
U2918,1090846595,night,3,5
U2919,38358823,night,4,5
U2920,7046479,day,3,4
U2921,917156648,night,3,5
U2922,7046573,night,4,4
U2923,7046476,day,4,4
U2924,357001244,day,3,4
U2925,118605670,day,3,4
U2926,7045957,day,4,2
U2927,7046218,night,3,3
U2928,29979245,night,3,3
U2929,7045524,day,3,5
U2930,7046226,day,4,3
U2931,148306560,night,4,4
U2932,458363455,night,4,4
U2933,7046570,night,3,2
U2934,770430119,day,3,3
U2935,744277560,night,3,4
U2936,7044863,day,3,5
U2937,885021977,night,3,4
U2938,46928171,night,3,5
U2939,262218775,day,4,5
U2940,7045063,day,4,3
U2941,38358835,day,3,5
U2942,571409077,day,4,5
U2943,439886961,day,4,5
U2944,1191563230,day,3,5
U2945,115750359,night,4,3
U2946,34181693,night,4,4
U2947,7046478,night,4,4
U2948,7045739,night,3,3
U2949,660841421,day,3,4
U2950,115743507,day,4,4
U2951,43278111,night,4,5
U2952,489340984,night,3,4
U2953,819816301,day,3,4
U2954,38358826,day,3,4
U2955,27688254,night,3,5
U2956,755044086,night,3,5
U2957,593435323,day,4,4
U2958,118689927,day,4,3
U2959,738259341,night,3,2
U2960,7046147,night,4,4
U2961,1090785124,day,3,4
U2962,7045587,day,4,5
U2963,7045541,day,4,3
U2964,357001242,day,3,5
U2965,539112355,night,4,4
U2966,115743518,day,4,5
U2967,1372689903,night,3,4
U2968,59229057,night,3,4
U2969,33514318,night,4,4
U2970,7046024,night,3,4
U2971,7046185,day,4,4
U2972,7046465,night,4,4
U2973,1100640604,night,3,4
U2974,145048348,night,3,5
U2975,65276162,day,4,4
U2976,1413008723,night,4,5
U2977,1100640596,night,3,4
U2978,949771545,day,3,3
U2979,323847236,night,3,3
U2980,547502344,night,4,5
U2981,7045884,day,4,3
U2982,7045702,night,3,4
U2983,221491317,day,3,5
U2984,744277561,night,4,5
U2985,757702878,day,3,3
U2986,7045066,night,3,4
U2987,7046142,night,3,5
U2988,7046028,day,4,4
U2989,504863130,day,4,4
U2990,7046476,day,3,5
U2991,7044911,night,3,5
U2992,118689923,day,3,5
U2993,38349508,day,3,3
U2994,1137884622,night,4,4
U2995,43278123,night,4,5
U2996,7045631,day,3,3
U2997,499086653,day,3,5
U2998,180117926,day,3,4
U2999,7045452,day,3,4
